code;url;source;title;description
301;http://megaves.su/;;301 Moved Permanently;
200;https://www.megaves.su/;http://megaves.su/;|Завод весового оборудования || Динамометры и весы – Мегавес || 8-800-333-31-02 в СПб|;Завод «Мегавес» - ведущий разработчик и изготовитель крановых весов и динамометров в России. Предлагаем надежные динамометры и весы по приемлемым ценам! Тел: 8-800-333-31-02.
200;https://www.megaves.su/o-kompanii;https://www.megaves.su/;О компании - Мегавес в СПб;Компании «Мегавес» разрабатывает и производит крановое измерительное оборудование, отвечающее требованиям современного рынка, с 2001 года. Телефон: 8 800 333-31-02.
200;https://www.megaves.su/dinamometry/;https://www.megaves.su/;Электронные динамометры купить - Завод МегаВес в СПб;Завод «Мегавес» предлагает высококачественные многофункциональные электронные динамометры в Москве и СПб. Тел: 8-800-333-31-02.
200;https://www.megaves.su/dostavka-i-oplata;https://www.megaves.su/;Доставка и оплата - завод Мегавес в СПб;Информация о способах оплаты и доставки оборудования компании «Мегавес». Отгрузка  с производства в течение 3-х дней, доставка по России - бесплатно!
301;https://www.megaves.su/wishlist/;https://www.megaves.su/;;
200;https://www.megaves.su/dinamometry/standart/;https://www.megaves.su/;Динамометры с дисплеем на пульте - Мегавес в СПб;Ведущий разработчик и производитель кранового оборудования в России - Мегавес поставляет высококачественные динамометры с дисплеем на дистанционном пульте.
200;https://www.megaves.su/kranovye-vesy/android-pult/;https://www.megaves.su/;Крановые весы с пультом на ОС Android - Мегавес в СПб;Ведущий разработчик и производитель кранового оборудования в России - Мегавес поставляет крановые весы с мобильным пультом на основе ОС Android.
200;https://www.megaves.su/stropy/kanatnye/;https://www.megaves.su/;Канатные стропы ГОСТ 25573 82, 1СК, 4СК, УСК1 на выгодных условиях в СПб;В ассортименте представлены канатные стропы любой грузоподъемности по оптимальной цене! Возможны индивидуальные скидки и условия доставки.
200;https://www.megaves.su/kranovye-vesy/displey-na-korpuse/;https://www.megaves.su/;Крановые весы с дисплеем на корпусе - Мегавес в СПб;Ведущий разработчик и производитель кранового оборудования в России - Мегавес поставляет крановые весы с дисплеем на корпусе.
200;https://www.megaves.su/dinamometry/khit/;https://www.megaves.su/;Динамометры с пультом управления на ОС Android - Мегавес в СПб;Ведущий разработчик и производитель кранового оборудования в России - Мегавес поставляет динамометры с мобильным пультом на основе ОС Android.
200;https://www.megaves.su/documents;https://www.megaves.su/;Документация в СПб;
200;https://www.megaves.su/contact-us/;https://www.megaves.su/;Связаться с нами в СПб;
200;https://www.megaves.su/stropy/;https://www.megaves.su/;Канатные, цепные и текстильные стропы - Мегавес в СПб;Ведущий разработчик и производитель кранового оборудования в России - Мегавес поставляет высококачественные канатные, цепные и текстильные стропы.
200;https://www.megaves.su/stropy/cepnye/;https://www.megaves.su/;Цепные стропы 4СЦ (паук) и 2СЦ - продажа и доставка - Мегавес в СПб;Строп цепной четырехветвевой - наиболее востребованная разновидность изделий  при подъеме грузов. Он имеет высокую прочность, долговечен, пригоден к ремонту.
200;https://www.megaves.su/stropy/tekstilnye/;https://www.megaves.su/;Стропы текстильные ленточные и ленты для строп в СПб;Продаем стропы текстильные со склада и под заказ. Купить изделия можно, оформив заявку на сайте или по телефону. Оптимальные цены, гарантии - каждому клиенту.
200;https://www.megaves.su/simpleregister/;https://www.megaves.su/;Быстрая регистрация в СПб;
200;https://www.megaves.su/kranovye-vesy/displey-na-pulte/;https://www.megaves.su/;Крановые весы с дисплеем на пульте - Мегавес в СПб;Ведущий разработчик и производитель кранового оборудования в России - Мегавес поставляет крановые весы с дисплеем на дистанционном пульте.
200;https://www.megaves.su/kranovye-vesy/;https://www.megaves.su/;|Крановые подвесные весы электронные купить || Крановые весы купить - завод Мегавес в СПб|;Завод «Мегавес» производит высокоточные цифровые крановые весы с 1991 года. Мы предлагаем конкурентные цены на весы для кранов в Москве и СПб.
200;https://www.megaves.su/produktsiya;https://www.megaves.su/;|Продукция завода Мегавес || Описание, фотографии, характеристики в СПб|;Подробное описание и характеристики продукции ведущего разработчика и производителя кранового оборудования в России – компании «Мегавес».
200;https://www.megaves.su/compare-products/;https://www.megaves.su/;Сравнение товаров в СПб;
200;https://www.megaves.su/dinamometry/rastyazheniya/;https://www.megaves.su/;Динамометры растяжения для решения научных и производственных задач в СПб;Ведущий разработчик и производитель кранового оборудования в России – Мегавес поставляет высококачественные динамометры 
200;https://www.megaves.su/forgot-password/;https://www.megaves.su/;Забыли пароль? в СПб;
200;https://www.megaves.su/uslugi;https://www.megaves.su/;Поверка весового оборудования - Ремонт, проверка и доставка крановых весов и динамометров в СПб;Гарантийный ремонт крановых весов МК и динамометров ДАЦ. Государственная поверка крановых весов МК и динамометров ДАЦ. 8 (800) 333-31-02 .
200;https://www.megaves.su/dinamometry/szhatiya/;https://www.megaves.su/dinamometry/;Электронные динамометры сжатия купить в компании МегаВес в СПб;Широкий выбор электронных динамометров сжатия от завода МегаВес. Вся модели есть на складе и доступны для заказа.
200;https://www.megaves.su/dinamometry/universalnye/;https://www.megaves.su/dinamometry/;Универсальные электронные динамометры от компании Мегавес в СПб;Широкий выбор универсальных электронных динамометров от завода МегаВес. Вся модели есть на складе и доступны для заказа.
200;https://www.megaves.su/dostavka-i-oplata#vniz;https://www.megaves.su/dostavka-i-oplata;Доставка и оплата - завод Мегавес в СПб;Информация о способах оплаты и доставки оборудования компании «Мегавес». Отгрузка  с производства в течение 3-х дней, доставка по России - бесплатно!
200;https://www.megaves.su/dostavka-i-oplata#vverh;https://www.megaves.su/dostavka-i-oplata;Доставка и оплата - завод Мегавес в СПб;Информация о способах оплаты и доставки оборудования компании «Мегавес». Отгрузка  с производства в течение 3-х дней, доставка по России - бесплатно!
200;https://www.megaves.su/login/;https://www.megaves.su/wishlist/;Логин в СПб;
200;https://www.megaves.su/kranovye-vesy/mk-30000d-vt;https://www.megaves.su/kranovye-vesy/android-pult/;Крановые весы 30 тонн с дистанционным управлением на ОС Android - Мегавес в СПб;Крановые весы МК-30000Д (ВТ) с наибольшим пределом взвешивания 30000 кг. Дистанционнное управление на базе ОС Android.
200;https://www.megaves.su/kranovye-vesy/mk-10000d-vt;https://www.megaves.su/kranovye-vesy/android-pult/;Крановые весы 10 тонн с дистанционным управлением ОС Android от завода Мегавес в СПб;Производитель кранового оборудования Мегавес поставляет крановые весы МК-10000Д (ВТ) с наибольшим пределом взвешивания до 10000 кг с дистанционным управлением - смартфоном на ОС Android.
200;https://www.megaves.su/kranovye-vesy/mk-50000d-vt;https://www.megaves.su/kranovye-vesy/android-pult/;Крановые весы 50 тонн с дистанционным управлением на ОС Android от производителя Мегавес в СПб;Крановые весы МК-50000Д (ВТ) с наибольшим пределом взвешивания 50000 кг. Дистанционное управление на базе ОС Android. Тел:  8 (800) 333-31-02.
200;https://www.megaves.su/kranovye-vesy/mk-20000d-vt;https://www.megaves.su/kranovye-vesy/android-pult/;Крановые весы 20 тонн с дистанционным управлением на ОС Android - Мегавес в СПб;Производитель кранового оборудования Мегавес поставляет крановые весы МК-20000Д (ВТ) с наибольшим пределом взвешивания до 20000 кг и дистанционным управлением на базе ОС Android.
200;https://www.megaves.su/kranovye-vesy/mk-3000dvt;https://www.megaves.su/kranovye-vesy/android-pult/;Крановые весы 3 тонны МК-3000Д(ВТ) с дистанционным управлением на ОС Android - Мегавес в СПб;Крановые весы МК-3000Д(ВТ) с наибольшим пределом взвешивания 3000 кг и управлением по средствам устройства на базе ОС Android. Тел:  8 (800) 333-31-02 .
200;https://www.megaves.su/kranovye-vesy/mk-5000d-vt;https://www.megaves.su/kranovye-vesy/android-pult/;Крановые весы 5 тонн с дистанционным управлением ОС Android от производителя Мегавес в СПб;Крановые весы МК-5000Д (ВТ) с наибольшим пределом взвешивания 5000 кг. Дистанционное управление на базе ОС Android. Тел: 8 800 333-31-02.
200;https://www.megaves.su/kranovye-vesy/mk-15000d-vt;https://www.megaves.su/kranovye-vesy/android-pult/;Крановые весы 15 тонн с дистанционным управлением на ОС Android от производителя Мегавес в СПб;Производитель кранового оборудования Мегавес поставляет крановые весы МК-15000Д (ВТ) с наибольшим пределом взвешивания 15000 кг и дистанционным управлением на базе ОС Android.
200;https://www.megaves.su/kranovye-vesy/mk-2000dvt;https://www.megaves.su/kranovye-vesy/android-pult/;Крановые весы 2 тонны МК-2000Д(ВТ) с дистанционным управлением на ОС Android - Мегавес в СПб;Крановые весы МК-2000Д(ВТ), наибольшим пределом взвешивания до 2000 кг. Дистанционное управление на базе ОС Android.
200;https://www.megaves.su/stropy/kanatnye-stropy-2sk;https://www.megaves.su/stropy/kanatnye/;Двухветвевой канатный строп 2 СК - Мегавес в СПб;Ведущий разработчик и производитель кранового оборудования в России - «Мегавес» поставляет высококачественные двухветвевые канатные стропы 2 СК по низким ценам.
200;https://www.megaves.su/stropy/kanatnye-stropy-4-sk;https://www.megaves.su/stropy/kanatnye/;Четырехветвевой канатный строп 4 СК - Мегавес в СПб;Ведущий разработчик и производитель кранового оборудования в России - Мегавес поставляет высококачественные четырехветвевые канатные стропы 4СК по низким ценам.
200;https://www.megaves.su/stropy/kanatnye-stropy-skk;https://www.megaves.su/stropy/kanatnye/;Кольцевой канатный строп СКК - Мегавес в СПб;Ведущий разработчик и производитель кранового оборудования в России - «Мегавес» поставляет высококачественные кольцевые канатные стропы СКК по низким ценам.
200;https://www.megaves.su/stropy/kanatnye-stropy-skp;https://www.megaves.su/stropy/kanatnye/;Двухпетлевой канатный строп СКП (УСК1) - Мегавес в СПб;Завод производитель кранового оборудования Мегавес предлагает к поставке высококачественные двухпетлевые канатные стропы СКП (УСК1) по низким ценам.
200;https://www.megaves.su/stropy/kanatnye-stropy-vk;https://www.megaves.su/stropy/kanatnye/;Двухпетелвой канатный строп ВК - Мегавес в СПб;Ведущий разработчик и производитель кранового оборудования в России - «Мегавес» поставляет высококачественные двухпетелвые канатные стропы ВК по низким ценам.
200;https://www.megaves.su/stropy/kanatnye-stropy-1-sk;https://www.megaves.su/stropy/kanatnye/;Одноветвевой канатный строп 1 СК - Мегавес в СПб;Ведущий разработчик и производитель кранового оборудования в России - «Мегавес» поставляет высококачественные одноветвевые канатные стропы 1 СК по низким ценам.
200;https://www.megaves.su/kranovye-vesy/mk-3000l;https://www.megaves.su/kranovye-vesy/displey-na-korpuse/;Крановые весы 3 тонны МК-3000Л с дисплеем на корпусе от производителя Мегавес в СПб;Поставляем крановые весы МК-3000Л с наибольшим пределом взвешивания 3000 кг. Дисплеей расположен на корпусе. Тел: 8 (800) 333-31-02.
200;https://www.megaves.su/kranovye-vesy/mk-1000l;https://www.megaves.su/kranovye-vesy/displey-na-korpuse/;Крановые весы 1 тонна с дисплеем на корпусе от завода Мегавес в СПб;Мегавес - ведущий производитель крановых весов в России. Поставляем крановые весы МК-1000Л с наибольшим пределом взвешивания до 1000 кг и дисплеем, расположенным на корпусе. Тел: 8 (800) 333-31-02.
200;https://www.megaves.su/kranovye-vesy/mk-20000c;https://www.megaves.su/kranovye-vesy/displey-na-korpuse/;Крановые весы 20 тонн с дисплеем на корпусе от производителя Мегавес в СПб;Крановые весы МК-20000C с наибольшим пределом взвешивания до 20000 кг. Дисплей расположен на корпусе.
200;https://www.megaves.su/kranovye-vesy/mk-2000c;https://www.megaves.su/kranovye-vesy/displey-na-korpuse/;Крановые весы 2 тонны с индикатором на корпусе от производителя Мегавес в СПб;Крановые весы МК-2000C с наибольшим пределом взвешивания до 2000 кг. Дисплей, расположен на корпусе.
200;https://www.megaves.su/kranovye-vesy/mk-3000c;https://www.megaves.su/kranovye-vesy/displey-na-korpuse/;Крановые весы 3 тонны с дисплеем на корпусе от производителя Мегавес в СПб;Поставляем крановые весы МК-3000C с наибольшим пределом взвешивания 3000 кг. Дисплеей расположен на корпусе. Тел: 8 (800) 333-31-02.
200;https://www.megaves.su/kranovye-vesy/mk-10000c;https://www.megaves.su/kranovye-vesy/displey-na-korpuse/;Крановые весы 10 тонн с дисплеем на корпусе от производителя Мегавес в СПб;Крановые весы МК-10000C с наибольшим пределом взвешивания 10000 кг. Дисплей расположен на корпусе. Тел: 8 800 333-31-02.
200;https://www.megaves.su/kranovye-vesy/mk-5000c;https://www.megaves.su/kranovye-vesy/displey-na-korpuse/;Крановые весы 5 тонн с дисплеем на корпусе от производителя Мегавес в СПб;Мегавес - ведущий производитель крановых весов в России. Поставляем крановые весы МК-5000C с наибольшим пределом взвешивания 5000 кг. Дисплей расположен на корпусе. Тел: 8 800 333-31-02.
200;https://www.megaves.su/kranovye-vesy/mk-2000l;https://www.megaves.su/kranovye-vesy/displey-na-korpuse/;Крановые весы 2 тонны МК-2000Л с дисплеем на корпусе от производителя Мегавес в СПб;Мегавес - ведущий производитель крановых весов в России. Поставляем крановые весы МК-2000Л с наибольшим пределом взвешивания 2000 кг. Дисплей расположен на корпусе.
200;https://www.megaves.su/kranovye-vesy/mk-600l;https://www.megaves.su/kranovye-vesy/displey-na-korpuse/;Крановые весы НПВ 600 кг с дисплеем на корпусе МК-600Л от производителя Мегавес в СПб;Мегавес - ведущий производитель крановых весов в России. Поставляем крановые весы МК-600Л с наибольшим пределом взвешивания 600 кг и дисплеем, расположенным на корпусе.
200;https://www.megaves.su/stropy/ctropy-tsepnye-1sts;https://www.megaves.su/stropy/;Одноветвевые цепной строп 1 СЦ - Мегавес в СПб;Ведущий разработчик и производитель кранового оборудования в России - «Мегавес» поставляет высококачественные одноветвевые цепные стропы 1 СЦ по низким ценам.
200;https://www.megaves.su/stropy/ctropy-tsepnye-2-sts;https://www.megaves.su/stropy/;Двухветвевой цепной строп 2 СЦ - Мегавес в СПб;Ведущий разработчик и производитель кранового оборудования в России - «Мегавес» поставляет высококачественные двухветвевые цепные стропы 2 СЦ по низким ценам.
200;https://www.megaves.su/stropy/ctropy-tsepnye-4-sts;https://www.megaves.su/stropy/;Четырехветвевой цепной строп 4 СЦ - Мегавес в СПб;Ведущий разработчик и производитель кранового оборудования в России - Мегавес поставляет высококачественные четырехветвевые цепные стропы 4 СЦ по низким ценам.
200;https://www.megaves.su/stropy/strop-tekstilnyj-1-st;https://www.megaves.su/stropy/;Одноветвевой  текстильный строп  1СТ - Мегавес в СПб;Ведущий разработчик и производитель кранового оборудования в России - Мегавес поставляет высококачественные одноветвевые текстильные стропы 1СТ по низким ценам.
200;https://www.megaves.su/stropy/strop-tekstilnyj-stp;https://www.megaves.su/stropy/;Петлевой текстильный строп СТП - Мегавес в СПб;Ведущий разработчик и производитель кранового оборудования в России - «Мегавес» поставляет высококачественные петлевые текстильные стропы СТП по низким ценам.
200;https://www.megaves.su/stropy/strop-tekstilnyj-4st;https://www.megaves.su/stropy/;Четырехветвевой текстильный строп  4СТ - Мегавес в СПб;Завод производитель кранового оборудования Мегавес предлагает к поставке высококачественные четырехветвевые текстильные стропы  4СТ по низким ценам.
200;https://www.megaves.su/stropy/strop-tekstilnyj-2st;https://www.megaves.su/stropy/;Двухветвевой текстильный строп 2СТ - Мегавес в СПб;Ведущий разработчик и производитель кранового оборудования в России - Мегавес поставляет высококачественные двухветвевые текстильные стропы 2СТ по низким ценам.
301;https://www.megaves.su/order-history/;https://www.megaves.su/simpleregister/;;
301;https://www.megaves.su/reward-points/;https://www.megaves.su/simpleregister/;;
301;https://www.megaves.su/address-book/;https://www.megaves.su/simpleregister/;;
301;https://www.megaves.su/newsletter/;https://www.megaves.su/simpleregister/;;
301;https://www.megaves.su/my-account/;https://www.megaves.su/simpleregister/;;
200;https://www.megaves.su/kranovye-vesy/mk-3000d;https://www.megaves.su/kranovye-vesy/displey-na-pulte/;Крановые весы 3 тонны МК-3000Д с дисплеем на пульте от производителя Мегавес в СПб;Мегавес - ведущий производитель крановых весов в России. Поставляем крановые весы МК-3000Д с наибольшим пределом взвешивания 3000 кг. Дисплей расположен на пульте. Тел:  8 (800) 333-31-02.
200;https://www.megaves.su/kranovye-vesy/mk-15000d;https://www.megaves.su/kranovye-vesy/displey-na-pulte/;Крановые весы 15 тонн с дисплеем на пульте от производителя Мегавес в СПб;Мегавес - ведущий производитель крановых весов в России. Поставляем крановые весы МК-15000Д с наибольшим пределом взвешивания до 15000 кг и дисплеем, расположенным на пульте. Тел: 8 (800) 333-31-02.
200;https://www.megaves.su/kranovye-vesy/mk-2000d;https://www.megaves.su/kranovye-vesy/displey-na-pulte/;Крановые весы 2 тонны МК-2000Д с дисплеем на пульте от производителя Мегавес в СПб;Мегавес - ведущий производитель крановых весов в России. Поставляем крановые весы МК-2000Д с наибольшим пределом взвешивания до 2000 кг и дисплеем, расположенным на пульте.
200;https://www.megaves.su/kranovye-vesy/mk-5000d;https://www.megaves.su/kranovye-vesy/displey-na-pulte/;Крановые весы 5 тонн МК-5000Д с дисплеем на пульте от производителя Мегавес в СПб;Поставляем крановые весы МК-5000Д с наибольшим пределом взвешивания 5000 кг. Дисплей расположен на корпусе. Тел: 8 800 333-31-02.
200;https://www.megaves.su/kranovye-vesy/mk-10000d;https://www.megaves.su/kranovye-vesy/displey-na-pulte/;Крановые весы НПВ 10 тонн с дисплеем на пульте от производителя Мегавес в СПб;Мегавес - ведущий производитель крановых весов в России. Поставляем крановые весы МК-10000Д с наибольшим пределом взвешивания 10000 кг и дисплеем, расположенным на пульте.
200;https://www.megaves.su/kranovye-vesy/mk-30000d;https://www.megaves.su/kranovye-vesy/displey-na-pulte/;Крановые весы 30 тонн с дисплеем на пульте от производителя Мегавес в СПб;Поставляем крановые весы МК-30000Д с наибольшим пределом взвешивания 30000 кг. Дисплеей расположен на пульте.
200;https://www.megaves.su/kranovye-vesy/mk-20000d;https://www.megaves.su/kranovye-vesy/displey-na-pulte/;Крановые весы 20 тонн с дисплеем на пульте от производителя Мегавес в СПб;Крановые весы МК-20000Д с наибольшим пределом взвешивания до 20000 кг. Дисплеей, расположен на пульте.
200;https://www.megaves.su/kranovye-vesy/mk-50000d;https://www.megaves.su/kranovye-vesy/displey-na-pulte/;Крановые весы 50 тонн с дисплеем на пульте от производителя Мегавес в СПб;Поставляем крановые весы МК-50000Д с наибольшим пределом взвешивания 50000 кг. Дисплей расположен на пульте. Тел: 8 (800) 333-31-02.
